TeamKey,Gender,OffRating_Ridge,DefRating_Ridge,PowerIndex_Ridge,PowerIndex_Display,EngineVersion,BuiltAtUTC
Rangeley Lakes RegionalBoysSSouth,Boys,-3.1045453113473007,4.616160150077874,-7.720705461425175,34.16244109833186,JOINT_RIDGE_20260216_03_MARGINCAL_V1,2026-03-01T22:26:00.466419+00:00
SheadBoysSNorth,Boys,-0.1732229883689387,0.5213696799915337,-0.6945926683604724,48.575175241072444,JOINT_RIDGE_20260216_03_MARGINCAL_V1,2026-03-01T22:26:00.466419+00:00
GreenvilleBoysSSouth,Boys,-8.995719295461772,3.2082628463047147,-12.203982141766486,24.965851634825242,JOINT_RIDGE_20260216_03_MARGINCAL_V1,2026-03-01T22:26:00.466419+00:00
Penobscot ValleyBoysDNorth,Boys,-0.9549277027480649,-3.0369836306771916,2.082055927929127,54.27094176301579,JOINT_RIDGE_20260216_03_MARGINCAL_V1,2026-03-01T22:26:00.466419+00:00
MorseBoysBSouth,Boys,-3.0799368766642656,-0.1764205197729939,-2.903516356891272,44.04398839536432,JOINT_RIDGE_20260216_03_MARGINCAL_V1,2026-03-01T22:26:00.466419+00:00
WatervilleBoysBNorth,Boys,-4.728576242303186,0.4454468697460111,-5.174023112049197,39.38647560056704,JOINT_RIDGE_20260216_03_MARGINCAL_V1,2026-03-01T22:26:00.466419+00:00
HodgdonBoysDNorth,Boys,5.514156585737727,-3.462248024825298,8.976404610563025,68.41338689259558,JOINT_RIDGE_20260216_03_MARGINCAL_V1,2026-03-01T22:26:00.466419+00:00
RichmondBoysDSouth,Boys,-4.636497994872492,2.2179425130784693,-6.854440507950962,35.93941890089735,JOINT_RIDGE_20260216_03_MARGINCAL_V1,2026-03-01T22:26:00.466419+00:00
CarrabecBoysDSouth,Boys,-1.609578624488287,-3.600538073904707,1.99095944941642,54.08407466241367,JOINT_RIDGE_20260216_03_MARGINCAL_V1,2026-03-01T22:26:00.466419+00:00
Edward LittleBoysANorth,Boys,1.3710038274838192,-2.79202265418488,4.163026481668699,58.53965708730221,JOINT_RIDGE_20260216_03_MARGINCAL_V1,2026-03-01T22:26:00.466419+00:00
Bangor ChristianBoysDNorth,Boys,5.031372819702559,-5.7508793959243665,10.782252215626926,72.11773981157828,JOINT_RIDGE_20260216_03_MARGINCAL_V1,2026-03-01T22:26:00.466419+00:00
Van Buren DistrictBoysSNorth,Boys,-5.804190349666838,2.1147019718309936,-7.9188923214978315,33.75589844680608,JOINT_RIDGE_20260216_03_MARGINCAL_V1,2026-03-01T22:26:00.466419+00:00
BrunswickBoysANorth,Boys,2.9336699650308606,-2.968022452888337,5.901692417919198,62.106199589573535,JOINT_RIDGE_20260216_03_MARGINCAL_V1,2026-03-01T22:26:00.466419+00:00
Dexter RegionalBoysDNorth,Boys,-3.5343991553469998,-0.1571263030478567,-3.377272852299143,43.07216704580529,JOINT_RIDGE_20260216_03_MARGINCAL_V1,2026-03-01T22:26:00.466419+00:00
Narraguagus SrBoysDNorth,Boys,0.3542610243096089,1.8581463984685496,-1.5038853741589406,46.915065169420046,JOINT_RIDGE_20260216_03_MARGINCAL_V1,2026-03-01T22:26:00.466419+00:00
Forest Hills ConsolidatedBoysSSouth,Boys,2.0879522291057535,0.531197844422113,1.5567543846836405,53.19338555084657,JOINT_RIDGE_20260216_03_MARGINCAL_V1,2026-03-01T22:26:00.466419+00:00
Erskine AcademyBoysBNorth,Boys,0.5725180549047652,-1.2930944076848312,1.8656124625895965,53.826949157894035,JOINT_RIDGE_20260216_03_MARGINCAL_V1,2026-03-01T22:26:00.466419+00:00
WellsBoysCSouth,Boys,-0.04853939454045819,-1.0446982502486828,0.9961588557082246,52.04343043929371,JOINT_RIDGE_20260216_03_MARGINCAL_V1,2026-03-01T22:26:00.466419+00:00
ScarboroughBoysASouth,Boys,1.7400900935818429,-2.2509955970447635,3.9910856906266066,58.18695325481772,JOINT_RIDGE_20260216_03_MARGINCAL_V1,2026-03-01T22:26:00.466419+00:00
PortlandBoysASouth,Boys,2.816684669646664,-3.164149116889641,5.980833786536305,62.26854305589205,JOINT_RIDGE_20260216_03_MARGINCAL_V1,2026-03-01T22:26:00.466419+00:00
MarshwoodBoysBSouth,Boys,-6.763407108042236,2.3111988196050435,-9.07460592764728,31.38517178169736,JOINT_RIDGE_20260216_03_MARGINCAL_V1,2026-03-01T22:26:00.466419+00:00
ValleyBoysSSouth,Boys,7.369864156164006,-1.6819538530459412,9.051818009209947,68.56808313751944,JOINT_RIDGE_20260216_03_MARGINCAL_V1,2026-03-01T22:26:00.466419+00:00
SanfordBoysASouth,Boys,7.8659391060851975,0.006491199673176351,7.859447906412021,66.12216264100508,JOINT_RIDGE_20260216_03_MARGINCAL_V1,2026-03-01T22:26:00.466419+00:00
Mount AbramBoysDSouth,Boys,5.518238336839729,0.659121351256374,4.859116985583355,59.96755437100525,JOINT_RIDGE_20260216_03_MARGINCAL_V1,2026-03-01T22:26:00.466419+00:00
Gardiner AreaBoysBNorth,Boys,3.4753807931617757,-0.0930187092023083,3.568399502364084,57.31989292762664,JOINT_RIDGE_20260216_03_MARGINCAL_V1,2026-03-01T22:26:00.466419+00:00
Mount AraratBoysANorth,Boys,-2.007681158944979,2.554170828741741,-4.56185198768672,40.64222823721813,JOINT_RIDGE_20260216_03_MARGINCAL_V1,2026-03-01T22:26:00.466419+00:00
Thornton AcademyBoysASouth,Boys,2.0328295196843493,-2.4429422007171997,4.475771720401549,59.18119446551136,JOINT_RIDGE_20260216_03_MARGINCAL_V1,2026-03-01T22:26:00.466419+00:00
Maine Central InstituteBoysCNorth,Boys,-5.704615119420841,-0.43612864843580007,-5.2684864709850405,39.19270198510267,JOINT_RIDGE_20260216_03_MARGINCAL_V1,2026-03-01T22:26:00.466419+00:00
Telstar RegionalBoysDSouth,Boys,-1.0050107588615005,0.7658534619377664,-1.7708642207992669,46.36740884056624,JOINT_RIDGE_20260216_03_MARGINCAL_V1,2026-03-01T22:26:00.466419+00:00
Maranacook CommunityBoysCSouth,Boys,3.4104999041061017,-0.8339649586106189,4.244464862716721,58.70671243776839,JOINT_RIDGE_20260216_03_MARGINCAL_V1,2026-03-01T22:26:00.466419+00:00
Oak HillBoysCSouth,Boys,1.326347844831272,1.8701755305067151,-0.5438276856754432,48.88444093000631,JOINT_RIDGE_20260216_03_MARGINCAL_V1,2026-03-01T22:26:00.466419+00:00
KennebunkBoysASouth,Boys,0.031242772904429783,-1.3344338752566443,1.365676648161074,52.80142591424427,JOINT_RIDGE_20260216_03_MARGINCAL_V1,2026-03-01T22:26:00.466419+00:00
Leavitt AreaBoysBSouth,Boys,2.380077772182779,-0.032258114465949415,2.4123358866487283,54.94844828445958,JOINT_RIDGE_20260216_03_MARGINCAL_V1,2026-03-01T22:26:00.466419+00:00
Traip AcademyBoysCSouth,Boys,-2.858955197364857,0.28320625773158037,-3.142161455096437,43.55445336280772,JOINT_RIDGE_20260216_03_MARGINCAL_V1,2026-03-01T22:26:00.466419+00:00
CheverusBoysASouth,Boys,2.0396871943106922,-0.1458492133356502,2.1855364076463424,54.48321228685362,JOINT_RIDGE_20260216_03_MARGINCAL_V1,2026-03-01T22:26:00.466419+00:00
HermonBoysBNorth,Boys,0.4886066500519547,-4.655175207095349,5.143781857147303,60.55149021639593,JOINT_RIDGE_20260216_03_MARGINCAL_V1,2026-03-01T22:26:00.466419+00:00
MadisonBoysDSouth,Boys,2.7289079437564077,-1.716389600655139,4.445297544411547,59.118682489159866,JOINT_RIDGE_20260216_03_MARGINCAL_V1,2026-03-01T22:26:00.466419+00:00
DirigoBoysCSouth,Boys,1.4191824032971758,-1.3311927867136253,2.750375190010801,55.64187162573641,JOINT_RIDGE_20260216_03_MARGINCAL_V1,2026-03-01T22:26:00.466419+00:00
NokomisBoysBNorth,Boys,-1.6608184402397175,0.33965234375456665,-2.000470783994284,45.8964146436008,JOINT_RIDGE_20260216_03_MARGINCAL_V1,2026-03-01T22:26:00.466419+00:00
FalmouthBoysASouth,Boys,-1.5398247341587965,-1.0894721602531858,-0.4503525739056107,49.076187344358125,JOINT_RIDGE_20260216_03_MARGINCAL_V1,2026-03-01T22:26:00.466419+00:00
MessalonskeeBoysANorth,Boys,-1.7810350063326195,2.5042555243510516,-4.285290530683671,41.20954146877462,JOINT_RIDGE_20260216_03_MARGINCAL_V1,2026-03-01T22:26:00.466419+00:00
Skowhegan AreaBoysANorth,Boys,-0.7202232679545353,-0.18426212978163742,-0.5359611381728979,48.90057765611856,JOINT_RIDGE_20260216_03_MARGINCAL_V1,2026-03-01T22:26:00.466419+00:00
Southern AroostookBoysDNorth,Boys,-1.8266723524943558,-0.378953664900858,-1.4477186875934978,47.03028044491995,JOINT_RIDGE_20260216_03_MARGINCAL_V1,2026-03-01T22:26:00.466419+00:00
YarmouthBoysBSouth,Boys,3.8679051419182047,-0.4977382292733068,4.365643371191512,58.955287101725524,JOINT_RIDGE_20260216_03_MARGINCAL_V1,2026-03-01T22:26:00.466419+00:00
Boothbay RegionBoysDSouth,Boys,-1.71506568505378,0.8321540591719019,-2.547219744225682,44.77486313443441,JOINT_RIDGE_20260216_03_MARGINCAL_V1,2026-03-01T22:26:00.466419+00:00
WisdomBoysSNorth,Boys,-2.9569586732984727,2.288134762652176,-5.245093435950649,39.24068834750142,JOINT_RIDGE_20260216_03_MARGINCAL_V1,2026-03-01T22:26:00.466419+00:00
Cape ElizabethBoysBSouth,Boys,-0.5285334584861431,0.7060266310161166,-1.2345600895022597,47.4675347696101,JOINT_RIDGE_20260216_03_MARGINCAL_V1,2026-03-01T22:26:00.466419+00:00
Lake RegionBoysBSouth,Boys,2.374825154846617,-1.0009877973708274,3.3758129522174443,56.92483824682634,JOINT_RIDGE_20260216_03_MARGINCAL_V1,2026-03-01T22:26:00.466419+00:00
Fort Kent CommunityBoysCNorth,Boys,3.890477291171175,-0.08239761797277467,3.9728749091439495,58.149597300000124,JOINT_RIDGE_20260216_03_MARGINCAL_V1,2026-03-01T22:26:00.466419+00:00
Gray-New GloucesterBoysBSouth,Boys,-0.034439071872872984,1.1286262125612923,-1.1630652844341651,47.61419276505968,JOINT_RIDGE_20260216_03_MARGINCAL_V1,2026-03-01T22:26:00.466419+00:00
WaynfleteBoysCSouth,Boys,2.6758103890519473,3.0252909919219957,-0.34948060287004834,49.283107008731406,JOINT_RIDGE_20260216_03_MARGINCAL_V1,2026-03-01T22:26:00.466419+00:00
EllsworthBoysBNorth,Boys,3.5091771802529994,-1.5399949589563395,5.049172139209339,60.35741637327382,JOINT_RIDGE_20260216_03_MARGINCAL_V1,2026-03-01T22:26:00.466419+00:00
Old TownBoysBNorth,Boys,-3.7668036365059345,2.942238612057987,-6.709042248563922,36.23767577764876,JOINT_RIDGE_20260216_03_MARGINCAL_V1,2026-03-01T22:26:00.466419+00:00
BangorBoysANorth,Boys,0.3151529344039423,-0.751910369124917,1.0670633035288595,52.18887742912646,JOINT_RIDGE_20260216_03_MARGINCAL_V1,2026-03-01T22:26:00.466419+00:00
Oxford HillsBoysANorth,Boys,-1.8866246050772122,2.0597694766522197,-3.946394081729432,41.904723081218634,JOINT_RIDGE_20260216_03_MARGINCAL_V1,2026-03-01T22:26:00.466419+00:00
Machias MemorialBoysDNorth,Boys,6.693805115756133,-5.251651901952942,11.945457017709074,74.50383324043945,JOINT_RIDGE_20260216_03_MARGINCAL_V1,2026-03-01T22:26:00.466419+00:00
Mount Desert IslandBoysBNorth,Boys,6.69262551820887,0.6401219575217756,6.052503560687095,62.41555996713851,JOINT_RIDGE_20260216_03_MARGINCAL_V1,2026-03-01T22:26:00.466419+00:00
VinalhavenBoysSSouth,Boys,-1.2561265321184691,3.340483412190266,-4.596609944308735,40.57092889960538,JOINT_RIDGE_20260216_03_MARGINCAL_V1,2026-03-01T22:26:00.466419+00:00
Lee AcademyBoysDNorth,Boys,-2.933581830426113,2.622250077556914,-5.555831907983027,38.60326746952394,JOINT_RIDGE_20260216_03_MARGINCAL_V1,2026-03-01T22:26:00.466419+00:00
OronoBoysCNorth,Boys,-0.4289312075853021,-3.2452122609517917,2.8162810533664895,55.77706497018868,JOINT_RIDGE_20260216_03_MARGINCAL_V1,2026-03-01T22:26:00.466419+00:00
Fort FairfieldBoysDNorth,Boys,3.4631982211495957,-6.400410754399215,9.86360897554881,70.23331791554199,JOINT_RIDGE_20260216_03_MARGINCAL_V1,2026-03-01T22:26:00.466419+00:00
Mattanawcook AcademyBoysCNorth,Boys,7.382299287468536,-0.8119003238005764,8.194199611269113,66.80884209919662,JOINT_RIDGE_20260216_03_MARGINCAL_V1,2026-03-01T22:26:00.466419+00:00
GreelyBoysBSouth,Boys,-3.671882125326245,-0.2793694885535311,-3.392512636772714,43.04090552631658,JOINT_RIDGE_20260216_03_MARGINCAL_V1,2026-03-01T22:26:00.466419+00:00
CentralBoysCNorth,Boys,-2.5316130826919565,1.0514687513262073,-3.583081834018164,42.6499890613254,JOINT_RIDGE_20260216_03_MARGINCAL_V1,2026-03-01T22:26:00.466419+00:00
Deer Isle-StoningtonBoysSNorth,Boys,-9.945816674413159,6.389235695019195,-16.335052369432354,16.491746725050753,JOINT_RIDGE_20260216_03_MARGINCAL_V1,2026-03-01T22:26:00.466419+00:00
Old Orchard BeachBoysDSouth,Boys,-1.280886612368005,1.9267264349477973,-3.207613047315802,43.42019186919664,JOINT_RIDGE_20260216_03_MARGINCAL_V1,2026-03-01T22:26:00.466419+00:00
Mount BlueBoysANorth,Boys,-1.595293900470731,-3.3692437081258215,1.7739498076550906,53.63892065404012,JOINT_RIDGE_20260216_03_MARGINCAL_V1,2026-03-01T22:26:00.466419+00:00
WinthropBoysCSouth,Boys,-3.961192869159703,0.020691437034611182,-3.9818843061943143,41.83192163539166,JOINT_RIDGE_20260216_03_MARGINCAL_V1,2026-03-01T22:26:00.466419+00:00
Washburn DistrictBoysSNorth,Boys,0.7103398548256816,-1.5936082517401085,2.30394810656579,54.72611136721009,JOINT_RIDGE_20260216_03_MARGINCAL_V1,2026-03-01T22:26:00.466419+00:00
Washington AcademyBoysCNorth,Boys,0.5145104589957127,-0.38300704536487384,0.8975175043605865,51.84108646698266,JOINT_RIDGE_20260216_03_MARGINCAL_V1,2026-03-01T22:26:00.466419+00:00
CalaisBoysCNorth,Boys,-1.5304291605722362,-0.7443297453890523,-0.7860994151831839,48.387466553058694,JOINT_RIDGE_20260216_03_MARGINCAL_V1,2026-03-01T22:26:00.466419+00:00
Mount ViewBoysCSouth,Boys,1.5583858202366214,-2.0509013883009253,3.6092872085375465,57.40376628066565,JOINT_RIDGE_20260216_03_MARGINCAL_V1,2026-03-01T22:26:00.466419+00:00
ConyBoysBNorth,Boys,8.830394747094594,3.658177242585168,5.172217504509426,60.60982053896228,JOINT_RIDGE_20260216_03_MARGINCAL_V1,2026-03-01T22:26:00.466419+00:00
Medomak ValleyBoysBSouth,Boys,4.974706941976347,-1.1301439623901142,6.104850904366462,62.52294058708445,JOINT_RIDGE_20260216_03_MARGINCAL_V1,2026-03-01T22:26:00.466419+00:00
YorkBoysBSouth,Boys,4.986283459505682,-3.869076022877681,8.855359482383363,68.16508583294714,JOINT_RIDGE_20260216_03_MARGINCAL_V1,2026-03-01T22:26:00.466419+00:00
Hampden AcademyBoysANorth,Boys,-0.8597820724582351,-2.4020792166560625,1.5422971441978275,53.163729271521625,JOINT_RIDGE_20260216_03_MARGINCAL_V1,2026-03-01T22:26:00.466419+00:00
OceansideBoysBSouth,Boys,1.398640626305925,1.6293808879814056,-0.23074026167548056,49.526680236212876,JOINT_RIDGE_20260216_03_MARGINCAL_V1,2026-03-01T22:26:00.466419+00:00
GorhamBoysASouth,Boys,-0.36126092488413586,1.006787155890632,-1.368048080774768,47.19370954275661,JOINT_RIDGE_20260216_03_MARGINCAL_V1,2026-03-01T22:26:00.466419+00:00
Temple AcademyBoysSSouth,Boys,-7.104953588218705,-0.9553563485934917,-6.149597239625213,37.38527081615649,JOINT_RIDGE_20260216_03_MARGINCAL_V1,2026-03-01T22:26:00.466419+00:00
BuckfieldBoysDSouth,Boys,0.18565664478804522,2.4812908082041054,-2.29563416341606,45.290943105985,JOINT_RIDGE_20260216_03_MARGINCAL_V1,2026-03-01T22:26:00.466419+00:00
Monmouth AcademyBoysDSouth,Boys,2.203681266270208,-4.198350832539338,6.4020320988095465,63.13255128846091,JOINT_RIDGE_20260216_03_MARGINCAL_V1,2026-03-01T22:26:00.466419+00:00
WindhamBoysASouth,Boys,6.948545545001725,0.04945010550265594,6.899095439499069,64.15218219853284,JOINT_RIDGE_20260216_03_MARGINCAL_V1,2026-03-01T22:26:00.466419+00:00
Pine Tree AcademyBoysSSouth,Boys,5.043753932257594,-0.6061273060861557,5.64988123834375,61.58965684506007,JOINT_RIDGE_20260216_03_MARGINCAL_V1,2026-03-01T22:26:00.466419+00:00
Bonny EagleBoysASouth,Boys,1.2889808119347927,-0.8181223233485335,2.1071031352833263,54.32232134533199,JOINT_RIDGE_20260216_03_MARGINCAL_V1,2026-03-01T22:26:00.466419+00:00
North Yarmouth AcademyBoysDSouth,Boys,-5.568119871646283,0.7050734930503638,-6.273193364696647,37.13173687154265,JOINT_RIDGE_20260216_03_MARGINCAL_V1,2026-03-01T22:26:00.466419+00:00
MassabesicBoysASouth,Boys,-4.383943343108985,8.309380080846681,-12.693323423955666,23.962061059156998,JOINT_RIDGE_20260216_03_MARGINCAL_V1,2026-03-01T22:26:00.466419+00:00
Lincoln AcademyBoysBSouth,Boys,-0.5100470474363068,0.6620293737218303,-1.1720764211581371,47.5957081318419,JOINT_RIDGE_20260216_03_MARGINCAL_V1,2026-03-01T22:26:00.466419+00:00
BrewerBoysANorth,Boys,-2.3172331306600107,0.47251927426806384,-2.7897524049280746,44.27735350676583,JOINT_RIDGE_20260216_03_MARGINCAL_V1,2026-03-01T22:26:00.466419+00:00
Easton SeniorBoysSNorth,Boys,2.066818512888553,-2.454623060915338,4.521441573803891,59.27487748410389,JOINT_RIDGE_20260216_03_MARGINCAL_V1,2026-03-01T22:26:00.466419+00:00
WiscassetBoysDSouth,Boys,3.5443669066350507,0.2799551668069553,3.2644117398280956,56.696319846306,JOINT_RIDGE_20260216_03_MARGINCAL_V1,2026-03-01T22:26:00.466419+00:00
Islesboro CentralBoysSSouth,Boys,0.05168639929267849,-2.2340979632410067,2.2857843625336853,54.68885190077654,JOINT_RIDGE_20260216_03_MARGINCAL_V1,2026-03-01T22:26:00.466419+00:00
NobleBoysASouth,Boys,-3.4975659257927294,4.960719304887176,-8.458285230679905,32.649436477366265,JOINT_RIDGE_20260216_03_MARGINCAL_V1,2026-03-01T22:26:00.466419+00:00
WinslowBoysCSouth,Boys,-3.620744449327736,-1.8542527331805814,-1.7664917161471547,46.376378202280875,JOINT_RIDGE_20260216_03_MARGINCAL_V1,2026-03-01T22:26:00.466419+00:00
Poland RegionalBoysBSouth,Boys,4.351608262263792,0.2546611468365661,4.096947115427225,58.40410783467717,JOINT_RIDGE_20260216_03_MARGINCAL_V1,2026-03-01T22:26:00.466419+00:00
WestbrookBoysASouth,Boys,1.459260795487139,-3.1744157722522877,4.6336765677394265,59.50510622889456,JOINT_RIDGE_20260216_03_MARGINCAL_V1,2026-03-01T22:26:00.466419+00:00
LisbonBoysCSouth,Boys,-1.2006097288365334,3.248477793557043,-4.449087522393576,40.873543091802105,JOINT_RIDGE_20260216_03_MARGINCAL_V1,2026-03-01T22:26:00.466419+00:00
Mountain ValleyBoysCSouth,Boys,-1.9814737569209022,2.024782908236126,-4.006256665157029,41.78192637620542,JOINT_RIDGE_20260216_03_MARGINCAL_V1,2026-03-01T22:26:00.466419+00:00
Sumner MemorialBoysCNorth,Boys,2.5701743101097714,0.5230391262621324,2.047135183847639,54.199308497889454,JOINT_RIDGE_20260216_03_MARGINCAL_V1,2026-03-01T22:26:00.466419+00:00
Presque IsleBoysBNorth,Boys,1.4988505957082872,-0.25098606475999263,1.7498366604682798,53.58945711851428,JOINT_RIDGE_20260216_03_MARGINCAL_V1,2026-03-01T22:26:00.466419+00:00
BucksportBoysCNorth,Boys,-3.629701562189289,0.11156796686697634,-3.7412695290562654,42.325497089678215,JOINT_RIDGE_20260216_03_MARGINCAL_V1,2026-03-01T22:26:00.466419+00:00
George Stevens AcademyBoysCNorth,Boys,-1.932370762327798,-0.6745453842165219,-1.257825378111276,47.419810454707715,JOINT_RIDGE_20260216_03_MARGINCAL_V1,2026-03-01T22:26:00.466419+00:00
Hall-DaleBoysCSouth,Boys,2.8458640819836893,-1.520021538684313,4.365885620668003,58.955784030454645,JOINT_RIDGE_20260216_03_MARGINCAL_V1,2026-03-01T22:26:00.466419+00:00
Belfast AreaBoysBNorth,Boys,-0.13742963417568965,2.380428412860394,-2.517858047036084,44.835093072102225,JOINT_RIDGE_20260216_03_MARGINCAL_V1,2026-03-01T22:26:00.466419+00:00
Sacopee ValleyBoysCSouth,Boys,0.5393163166355005,-0.6492031259834965,1.188519442618997,52.438021599490156,JOINT_RIDGE_20260216_03_MARGINCAL_V1,2026-03-01T22:26:00.466419+00:00
BiddefordBoysASouth,Boys,-4.410300237246447,3.583831748277314,-7.994131985523761,33.60155858541569,JOINT_RIDGE_20260216_03_MARGINCAL_V1,2026-03-01T22:26:00.466419+00:00
Central Aroostook SrBoysDNorth,Boys,4.858172344165677,-3.5390811069206496,8.397253451086327,67.22536843404808,JOINT_RIDGE_20260216_03_MARGINCAL_V1,2026-03-01T22:26:00.466419+00:00
Camden Hills RegionalBoysANorth,Boys,4.743780862283109,-1.2249907921022118,5.968771654385321,62.243799885805416,JOINT_RIDGE_20260216_03_MARGINCAL_V1,2026-03-01T22:26:00.466419+00:00
Ashland DistrictBoysSNorth,Boys,-13.117877709651367,6.5506272903085065,-19.668504999959872,9.653802621927966,JOINT_RIDGE_20260216_03_MARGINCAL_V1,2026-03-01T22:26:00.466419+00:00
Foxcroft AcademyBoysCNorth,Boys,3.5447877945996513,-3.201265592738472,6.746053387338123,63.83824553463066,JOINT_RIDGE_20260216_03_MARGINCAL_V1,2026-03-01T22:26:00.466419+00:00
DeeringBoysASouth,Boys,-1.6922258490107696,2.4499624825294952,-4.142188331540265,41.50308841460948,JOINT_RIDGE_20260216_03_MARGINCAL_V1,2026-03-01T22:26:00.466419+00:00
South PortlandBoysASouth,Boys,2.768605458005422,-1.9141027937161386,4.682708251721561,59.60568540355611,JOINT_RIDGE_20260216_03_MARGINCAL_V1,2026-03-01T22:26:00.466419+00:00
SchenckBoysDNorth,Boys,-0.05008914708890416,-2.175576593341706,2.125487446252802,54.36003326288932,JOINT_RIDGE_20260216_03_MARGINCAL_V1,2026-03-01T22:26:00.466419+00:00
HoultonBoysCNorth,Boys,-6.273569224204673,10.178010904364161,-16.451580128568835,16.252712188864372,JOINT_RIDGE_20260216_03_MARGINCAL_V1,2026-03-01T22:26:00.466419+00:00
CaribouBoysCNorth,Boys,5.1397796071915005,-0.9754417631427872,6.115221370334288,62.54421362572371,JOINT_RIDGE_20260216_03_MARGINCAL_V1,2026-03-01T22:26:00.466419+00:00
East GrandBoysSNorth,Boys,-9.639887360786954,6.380482003770531,-16.020369364557485,17.13725906196869,JOINT_RIDGE_20260216_03_MARGINCAL_V1,2026-03-01T22:26:00.466419+00:00
MadawaskaBoysDNorth,Boys,4.685025712198707,-5.065340335453229,9.750366047651935,70.00102158592226,JOINT_RIDGE_20260216_03_MARGINCAL_V1,2026-03-01T22:26:00.466419+00:00
LawrenceBoysBNorth,Boys,-0.23396731637792445,2.500897899952399,-2.7348652163303235,44.389944135524686,JOINT_RIDGE_20260216_03_MARGINCAL_V1,2026-03-01T22:26:00.466419+00:00
Spruce MountainBoysCSouth,Boys,1.6646598552813412,-5.769767289509121,7.434427144790463,65.25031338056577,JOINT_RIDGE_20260216_03_MARGINCAL_V1,2026-03-01T22:26:00.466419+00:00
Stearns Sr.BoysDNorth,Boys,2.676589852756421,0.7203980195059676,1.9561918332504533,54.01275551008358,JOINT_RIDGE_20260216_03_MARGINCAL_V1,2026-03-01T22:26:00.466419+00:00
Fryeburg AcademyBoysUNKNOWNUnknown,Boys,-5.896077036371431,2.7338141348305904,-8.629891171202022,32.29741952704039,JOINT_RIDGE_20260216_03_MARGINCAL_V1,2026-03-01T22:26:00.466419+00:00
LewistonBoysANorth,Boys,-0.1298792754220931,-0.629855908504403,0.4999766330823099,51.02560697535497,JOINT_RIDGE_20260216_03_MARGINCAL_V1,2026-03-01T22:26:00.466419+00:00
Penquis ValleyBoysDNorth,Boys,-5.625598949847715,-0.044292391610253556,-5.581306558237461,38.55101106939058,JOINT_RIDGE_20260216_03_MARGINCAL_V1,2026-03-01T22:26:00.466419+00:00
KatahdinBoysSNorth,Boys,0.3233626956981756,-1.5655433728446242,1.8889060685427999,53.87473156044252,JOINT_RIDGE_20260216_03_MARGINCAL_V1,2026-03-01T22:26:00.466419+00:00
Woodland Sr.BoysDNorth,Boys,3.4974116191301645,-0.37383534639848476,3.871246965528649,57.94112690165318,JOINT_RIDGE_20260216_03_MARGINCAL_V1,2026-03-01T22:26:00.466419+00:00
FreeportBoysBSouth,Boys,-2.011630397971489,0.8135026074574643,-2.8251330054289534,44.20477693365231,JOINT_RIDGE_20260216_03_MARGINCAL_V1,2026-03-01T22:26:00.466419+00:00
SearsportBoysDSouth,Boys,-4.1455760962842545,2.701471792074969,-6.847047888359223,35.95458345403394,JOINT_RIDGE_20260216_03_MARGINCAL_V1,2026-03-01T22:26:00.466419+00:00
Jonesport-BealsBoysSNorth,Boys,0.9258770874739992,-0.8328596281267586,1.7587367156007578,53.60771388897302,JOINT_RIDGE_20260216_03_MARGINCAL_V1,2026-03-01T22:26:00.466419+00:00
John Bapst MemorialBoysBNorth,Boys,-2.879198476792545,1.0079007264298694,-3.8870992032224145,42.02635524755552,JOINT_RIDGE_20260216_03_MARGINCAL_V1,2026-03-01T22:26:00.466419+00:00
Rangeley Lakes RegionalGirlsSSouth,Girls,-6.348656430171767,-0.10265626517055715,-6.24600016500121,39.05970057919187,JOINT_RIDGE_20260216_03_MARGINCAL_V1,2026-03-01T22:26:00.466419+00:00
Jonesport-BealsGirlsSNorth,Girls,1.900778526317894,2.535050596944264,-0.6342720706263698,48.8890287890495,JOINT_RIDGE_20260216_03_MARGINCAL_V1,2026-03-01T22:26:00.466419+00:00
OceansideGirlsBSouth,Girls,9.33325607085349,-1.2069897574232893,10.54024582827678,68.46196642395535,JOINT_RIDGE_20260216_03_MARGINCAL_V1,2026-03-01T22:26:00.466419+00:00
RichmondGirlsDSouth,Girls,-6.892655834710028,3.541313634517433,-10.43396946922746,31.724183937658154,JOINT_RIDGE_20260216_03_MARGINCAL_V1,2026-03-01T22:26:00.466419+00:00
Mountain ValleyGirlsCSouth,Girls,-5.80642439686693,0.21914169303607656,-6.025566089903007,39.4458060419545,JOINT_RIDGE_20260216_03_MARGINCAL_V1,2026-03-01T22:26:00.466419+00:00
GreenvilleGirlsSSouth,Girls,-5.944883300738326,0.07173178099950639,-6.016615081737832,39.461484349168416,JOINT_RIDGE_20260216_03_MARGINCAL_V1,2026-03-01T22:26:00.466419+00:00
Pine Tree AcademyGirlsSSouth,Girls,-3.5580425373108926,0.6747748257012459,-4.232817363012138,42.58592889503401,JOINT_RIDGE_20260216_03_MARGINCAL_V1,2026-03-01T22:26:00.466419+00:00
Hall-DaleGirlsCSouth,Girls,-2.3422263568137893,2.631513979667147,-4.973740336480937,41.288151283223364,JOINT_RIDGE_20260216_03_MARGINCAL_V1,2026-03-01T22:26:00.466419+00:00
Bangor ChristianGirlsDNorth,Girls,11.58651800523717,-5.450282173844835,17.036800179082007,79.84112875565363,JOINT_RIDGE_20260216_03_MARGINCAL_V1,2026-03-01T22:26:00.466419+00:00
HodgdonGirlsDNorth,Girls,-0.5927964321157237,3.8865164036140674,-4.479312835729791,42.15417509961856,JOINT_RIDGE_20260216_03_MARGINCAL_V1,2026-03-01T22:26:00.466419+00:00
CarrabecGirlsDSouth,Girls,6.201233011728575,-3.6996063912056867,9.900839402934261,67.34200203714133,JOINT_RIDGE_20260216_03_MARGINCAL_V1,2026-03-01T22:26:00.466419+00:00
Spruce MountainGirlsCSouth,Girls,6.514018664744536,-4.98874656682899,11.502765231573527,70.1478854428835,JOINT_RIDGE_20260216_03_MARGINCAL_V1,2026-03-01T22:26:00.466419+00:00
Monmouth AcademyGirlsDSouth,Girls,0.06135543766502155,-2.889888950932286,2.951244388597307,55.16930778454889,JOINT_RIDGE_20260216_03_MARGINCAL_V1,2026-03-01T22:26:00.466419+00:00
HermonGirlsBNorth,Girls,1.9866129020375436,0.5998589035844907,1.3867539984530528,52.42899512732824,JOINT_RIDGE_20260216_03_MARGINCAL_V1,2026-03-01T22:26:00.466419+00:00
LisbonGirlsCSouth,Girls,-6.317526136696246,5.20996523862374,-11.527491375319986,29.808805013574705,JOINT_RIDGE_20260216_03_MARGINCAL_V1,2026-03-01T22:26:00.466419+00:00
Van Buren DistrictGirlsSNorth,Girls,-2.5353310888724856,-0.3610722642386274,-2.174258824633858,46.191635937969245,JOINT_RIDGE_20260216_03_MARGINCAL_V1,2026-03-01T22:26:00.466419+00:00
GreelyGirlsBSouth,Girls,-0.9792009817843416,-2.8254160733383062,1.8462150915539648,53.23377287275675,JOINT_RIDGE_20260216_03_MARGINCAL_V1,2026-03-01T22:26:00.466419+00:00
North Yarmouth AcademyGirlsDSouth,Girls,-4.6803715518604045,0.6488456199042485,-5.329217171764653,40.665509126254356,JOINT_RIDGE_20260216_03_MARGINCAL_V1,2026-03-01T22:26:00.466419+00:00
Mount ViewGirlsCSouth,Girls,2.550941204176751,0.48881302637209734,2.0621281778046536,53.611959512214334,JOINT_RIDGE_20260216_03_MARGINCAL_V1,2026-03-01T22:26:00.466419+00:00
WinthropGirlsCSouth,Girls,-1.3022751108082737,-0.5291669259156662,-0.7731081848926076,48.64584777394079,JOINT_RIDGE_20260216_03_MARGINCAL_V1,2026-03-01T22:26:00.466419+00:00
Medomak ValleyGirlsBSouth,Girls,-1.9132466606958172,-0.08582009177987049,-1.8274265689159468,46.79913651851839,JOINT_RIDGE_20260216_03_MARGINCAL_V1,2026-03-01T22:26:00.466419+00:00
Bonny EagleGirlsASouth,Girls,-3.6333497714077754,2.603293260699205,-6.236643032106981,39.076090241836575,JOINT_RIDGE_20260216_03_MARGINCAL_V1,2026-03-01T22:26:00.466419+00:00
ValleyGirlsSSouth,Girls,12.295227028970423,-4.630505037794479,16.9257320667649,79.64658530820675,JOINT_RIDGE_20260216_03_MARGINCAL_V1,2026-03-01T22:26:00.466419+00:00
Forest Hills ConsolidatedGirlsSSouth,Girls,2.4523145748088457,-1.0201876918489852,3.472502266657831,56.08232685447972,JOINT_RIDGE_20260216_03_MARGINCAL_V1,2026-03-01T22:26:00.466419+00:00
Narraguagus SrGirlsDNorth,Girls,-0.5546801163719444,-1.0998854452914624,0.545205328919518,50.954964679255426,JOINT_RIDGE_20260216_03_MARGINCAL_V1,2026-03-01T22:26:00.466419+00:00
CentralGirlsCNorth,Girls,-4.00454384173312,-0.6292238549964504,-3.3753199867366694,44.08789460127558,JOINT_RIDGE_20260216_03_MARGINCAL_V1,2026-03-01T22:26:00.466419+00:00
ScarboroughGirlsASouth,Girls,-1.0752920932513554,0.5155544069965994,-1.5908465002479548,47.21352280091495,JOINT_RIDGE_20260216_03_MARGINCAL_V1,2026-03-01T22:26:00.466419+00:00
DeeringGirlsASouth,Girls,-0.5156796317783998,4.2346778539899175,-4.750357485768317,41.679421729542554,JOINT_RIDGE_20260216_03_MARGINCAL_V1,2026-03-01T22:26:00.466419+00:00
SheadGirlsSNorth,Girls,-1.6848243654796815,-0.5293331117835305,-1.155491253696151,47.97607749605969,JOINT_RIDGE_20260216_03_MARGINCAL_V1,2026-03-01T22:26:00.466419+00:00
Gardiner AreaGirlsBNorth,Girls,6.064708438052278,-3.35651051267413,9.42121895072641,66.5019137859595,JOINT_RIDGE_20260216_03_MARGINCAL_V1,2026-03-01T22:26:00.466419+00:00
Old Orchard BeachGirlsDSouth,Girls,0.9246059258997208,-2.2560564989296936,3.180662424829414,55.57114927391948,JOINT_RIDGE_20260216_03_MARGINCAL_V1,2026-03-01T22:26:00.466419+00:00
Camden Hills RegionalGirlsANorth,Girls,4.919707681440272,-2.45198026901208,7.371687950452352,62.91201909769667,JOINT_RIDGE_20260216_03_MARGINCAL_V1,2026-03-01T22:26:00.466419+00:00
Telstar RegionalGirlsDSouth,Girls,-6.0711876624927985,6.3985203956753605,-12.469708058168159,28.158447607662335,JOINT_RIDGE_20260216_03_MARGINCAL_V1,2026-03-01T22:26:00.466419+00:00
Sacopee ValleyGirlsCSouth,Girls,-7.623979108284468,0.6939906086417099,-8.317969716926179,35.43050322247799,JOINT_RIDGE_20260216_03_MARGINCAL_V1,2026-03-01T22:26:00.466419+00:00
NobleGirlsASouth,Girls,-8.037634252721443,1.7934960931008705,-9.831130345822313,32.78009817691571,JOINT_RIDGE_20260216_03_MARGINCAL_V1,2026-03-01T22:26:00.466419+00:00
LewistonGirlsANorth,Girls,1.314441036354242,0.6515617801268225,0.6628792562274195,51.161078666569196,JOINT_RIDGE_20260216_03_MARGINCAL_V1,2026-03-01T22:26:00.466419+00:00
MassabesicGirlsASouth,Girls,-3.484080323703038,1.1490541736401094,-4.633134497343148,41.884745866349235,JOINT_RIDGE_20260216_03_MARGINCAL_V1,2026-03-01T22:26:00.466419+00:00
Lee AcademyGirlsDNorth,Girls,-0.5796776401288979,4.109508804012213,-4.689186444141111,41.78656702150625,JOINT_RIDGE_20260216_03_MARGINCAL_V1,2026-03-01T22:26:00.466419+00:00
CheverusGirlsASouth,Girls,7.9215798011147145,-2.1239982841255096,10.045578085240225,67.59552180665293,JOINT_RIDGE_20260216_03_MARGINCAL_V1,2026-03-01T22:26:00.466419+00:00
BiddefordGirlsASouth,Girls,4.429508015274783,-2.9874573240378335,7.4169653393126165,62.991325562320114,JOINT_RIDGE_20260216_03_MARGINCAL_V1,2026-03-01T22:26:00.466419+00:00
Mount Desert IslandGirlsBNorth,Girls,4.164961425682306,0.8252815560500755,3.3396798696322305,55.84967927925359,JOINT_RIDGE_20260216_03_MARGINCAL_V1,2026-03-01T22:26:00.466419+00:00
Poland RegionalGirlsBSouth,Girls,1.6171806222958471,-1.124621913745703,2.74180253604155,54.80245595655053,JOINT_RIDGE_20260216_03_MARGINCAL_V1,2026-03-01T22:26:00.466419+00:00
NokomisGirlsBNorth,Girls,-0.5845185203685748,2.3044051292884635,-2.8889236496570385,44.93985128143274,JOINT_RIDGE_20260216_03_MARGINCAL_V1,2026-03-01T22:26:00.466419+00:00
Southern AroostookGirlsDNorth,Girls,6.455557325849595,-1.829430932193962,8.284988258043557,64.51172748101561,JOINT_RIDGE_20260216_03_MARGINCAL_V1,2026-03-01T22:26:00.466419+00:00
MessalonskeeGirlsANorth,Girls,-0.5438064537787014,3.5996686113620076,-4.143475065140709,42.74241808232756,JOINT_RIDGE_20260216_03_MARGINCAL_V1,2026-03-01T22:26:00.466419+00:00
George Stevens AcademyGirlsCNorth,Girls,1.4123973484116212,-3.0280099209121762,4.4404072693237975,57.77767912158324,JOINT_RIDGE_20260216_03_MARGINCAL_V1,2026-03-01T22:26:00.466419+00:00
Fryeburg AcademyGirlsUNKNOWNUnknown,Girls,-5.145660724859789,2.0819167263781444,-7.227577451237934,37.34040036587015,JOINT_RIDGE_20260216_03_MARGINCAL_V1,2026-03-01T22:26:00.466419+00:00
Mattanawcook AcademyGirlsCNorth,Girls,10.263369144511447,-4.0146358954640196,14.278005039975467,75.0089090846364,JOINT_RIDGE_20260216_03_MARGINCAL_V1,2026-03-01T22:26:00.466419+00:00
YorkGirlsBSouth,Girls,2.777790052182879,-0.5882364458938799,3.3660264980767587,55.895827213339004,JOINT_RIDGE_20260216_03_MARGINCAL_V1,2026-03-01T22:26:00.466419+00:00
WinslowGirlsCSouth,Girls,1.811695621607003,0.5062431105862211,1.305452511020782,52.28658997325058,JOINT_RIDGE_20260216_03_MARGINCAL_V1,2026-03-01T22:26:00.466419+00:00
Leavitt AreaGirlsBSouth,Girls,-2.0866418267001343,1.0795379599169503,-3.166179786617085,44.45421806425863,JOINT_RIDGE_20260216_03_MARGINCAL_V1,2026-03-01T22:26:00.466419+00:00
WisdomGirlsSNorth,Girls,6.410877508762983,-6.284620282958939,12.695497791721923,72.2370386597035,JOINT_RIDGE_20260216_03_MARGINCAL_V1,2026-03-01T22:26:00.466419+00:00
WindhamGirlsASouth,Girls,1.4360581500742575,-2.3558536677903206,3.791911817864578,56.64179467960859,JOINT_RIDGE_20260216_03_MARGINCAL_V1,2026-03-01T22:26:00.466419+00:00
EllsworthGirlsBNorth,Girls,2.4237425042735485,0.4143242246130852,2.0094182796604634,53.51963449573915,JOINT_RIDGE_20260216_03_MARGINCAL_V1,2026-03-01T22:26:00.466419+00:00
Machias MemorialGirlsDNorth,Girls,7.417887277588932,-0.4333071923330376,7.851194469921969,63.75190778784149,JOINT_RIDGE_20260216_03_MARGINCAL_V1,2026-03-01T22:26:00.466419+00:00
Fort Kent CommunityGirlsCNorth,Girls,-5.284852174983984,6.980756951697064,-12.265609126681047,28.515940941467836,JOINT_RIDGE_20260216_03_MARGINCAL_V1,2026-03-01T22:26:00.466419+00:00
North Haven CommunityGirlsSSouth,Girls,-0.03512128609120645,0.47726853574632266,-0.5123898218375291,49.10251394124387,JOINT_RIDGE_20260216_03_MARGINCAL_V1,2026-03-01T22:26:00.466419+00:00
BrewerGirlsANorth,Girls,-1.1867918099571324,1.2343778918556454,-2.4211697018127776,45.759154533033,JOINT_RIDGE_20260216_03_MARGINCAL_V1,2026-03-01T22:26:00.466419+00:00
Old TownGirlsBNorth,Girls,3.91719531729853,-1.8325679375437856,5.749763254842316,60.07110629923,JOINT_RIDGE_20260216_03_MARGINCAL_V1,2026-03-01T22:26:00.466419+00:00
Hampden AcademyGirlsANorth,Girls,3.1269414598587693,-3.137848334491019,6.264789794349788,60.97321075056303,JOINT_RIDGE_20260216_03_MARGINCAL_V1,2026-03-01T22:26:00.466419+00:00
BrunswickGirlsANorth,Girls,-1.866596789937668,0.9403494532219783,-2.806946243159646,45.08344035430024,JOINT_RIDGE_20260216_03_MARGINCAL_V1,2026-03-01T22:26:00.466419+00:00
Fort FairfieldGirlsDNorth,Girls,-1.109021871968875,0.7716675848969018,-1.8806894568657766,46.70584290231689,JOINT_RIDGE_20260216_03_MARGINCAL_V1,2026-03-01T22:26:00.466419+00:00
FreeportGirlsBSouth,Girls,-0.9810811718682505,-1.0397470946630298,0.058665922794779335,50.10275740381329,JOINT_RIDGE_20260216_03_MARGINCAL_V1,2026-03-01T22:26:00.466419+00:00
VinalhavenGirlsSSouth,Girls,-0.25668160605818524,-3.128191365519643,2.871509759461458,55.029647090679354,JOINT_RIDGE_20260216_03_MARGINCAL_V1,2026-03-01T22:26:00.466419+00:00
OronoGirlsCNorth,Girls,-0.5432452859391523,2.193799366600207,-2.7370446525393595,45.20587780405597,JOINT_RIDGE_20260216_03_MARGINCAL_V1,2026-03-01T22:26:00.466419+00:00
Deer Isle-StoningtonGirlsSNorth,Girls,-1.477938324076907,-2.1024528386189854,0.6245145145420783,51.0938801795132,JOINT_RIDGE_20260216_03_MARGINCAL_V1,2026-03-01T22:26:00.466419+00:00
Oxford HillsGirlsANorth,Girls,-5.755129144354948,6.217942040742603,-11.97307118509755,29.02834129182385,JOINT_RIDGE_20260216_03_MARGINCAL_V1,2026-03-01T22:26:00.466419+00:00
Sumner MemorialGirlsCNorth,Girls,1.4248961106567535,1.1218347061465115,0.303061404510242,50.530832920372184,JOINT_RIDGE_20260216_03_MARGINCAL_V1,2026-03-01T22:26:00.466419+00:00
BuckfieldGirlsDSouth,Girls,3.385621384226151,-3.336017058497017,6.721638442723168,61.773412619144835,JOINT_RIDGE_20260216_03_MARGINCAL_V1,2026-03-01T22:26:00.466419+00:00
Washington AcademyGirlsCNorth,Girls,-3.3428460754712335,1.4284344690985573,-4.771280544569791,41.64277355118195,JOINT_RIDGE_20260216_03_MARGINCAL_V1,2026-03-01T22:26:00.466419+00:00
Maranacook CommunityGirlsCSouth,Girls,2.9145158366122894,-3.8726817715716173,6.787197608183907,61.88824401219183,JOINT_RIDGE_20260216_03_MARGINCAL_V1,2026-03-01T22:26:00.466419+00:00
Washburn DistrictGirlsSNorth,Girls,-9.108655261819724,4.523578480998726,-13.63223374281845,26.12220381347862,JOINT_RIDGE_20260216_03_MARGINCAL_V1,2026-03-01T22:26:00.466419+00:00
CalaisGirlsCNorth,Girls,-2.3897053743711787,0.6168758900097431,-3.0065812643809218,44.73376586673324,JOINT_RIDGE_20260216_03_MARGINCAL_V1,2026-03-01T22:26:00.466419+00:00
Maine Central InstituteGirlsCNorth,Girls,-5.229800816507015,2.255937578846541,-7.485738395353556,36.888213693956594,JOINT_RIDGE_20260216_03_MARGINCAL_V1,2026-03-01T22:26:00.466419+00:00
MadisonGirlsDSouth,Girls,-1.262021510308976,-1.9594632025105847,0.6974416922016087,51.22161715332572,JOINT_RIDGE_20260216_03_MARGINCAL_V1,2026-03-01T22:26:00.466419+00:00
Thornton AcademyGirlsASouth,Girls,2.536601660815191,0.008647492981124646,2.5279541678340665,54.427885812932765,JOINT_RIDGE_20260216_03_MARGINCAL_V1,2026-03-01T22:26:00.466419+00:00
Presque IsleGirlsBNorth,Girls,2.1700565950382584,-2.0574419816254994,4.227498576663757,57.40475488439773,JOINT_RIDGE_20260216_03_MARGINCAL_V1,2026-03-01T22:26:00.466419+00:00
WatervilleGirlsBNorth,Girls,-5.913507264830116,4.691033485462898,-10.604540750293015,31.425416592453058,JOINT_RIDGE_20260216_03_MARGINCAL_V1,2026-03-01T22:26:00.466419+00:00
BucksportGirlsCNorth,Girls,-3.6737517027652853,1.134094597488403,-4.807846300253688,41.578726111994946,JOINT_RIDGE_20260216_03_MARGINCAL_V1,2026-03-01T22:26:00.466419+00:00
Edward LittleGirlsANorth,Girls,4.681344356449962,-0.927371372352857,5.608715728802819,59.824051844111196,JOINT_RIDGE_20260216_03_MARGINCAL_V1,2026-03-01T22:26:00.466419+00:00
Belfast AreaGirlsBNorth,Girls,-3.0766544217642435,4.111680936539172,-7.188335358303416,37.409135594058014,JOINT_RIDGE_20260216_03_MARGINCAL_V1,2026-03-01T22:26:00.466419+00:00
YarmouthGirlsBSouth,Girls,-3.1047564997945942,-2.30065502848848,-0.8041014713061143,48.59156089842986,JOINT_RIDGE_20260216_03_MARGINCAL_V1,2026-03-01T22:26:00.466419+00:00
Temple AcademyGirlsSSouth,Girls,-3.0667048159346377,-4.2319357910848066,1.1652309751501688,52.04098229679452,JOINT_RIDGE_20260216_03_MARGINCAL_V1,2026-03-01T22:26:00.466419+00:00
Erskine AcademyGirlsBNorth,Girls,6.520946186615236,0.6107589412083692,5.910187245406867,60.35209996632779,JOINT_RIDGE_20260216_03_MARGINCAL_V1,2026-03-01T22:26:00.466419+00:00
SanfordGirlsASouth,Girls,4.628420133545443,-2.2801490431258427,6.908569176671286,62.1008346726701,JOINT_RIDGE_20260216_03_MARGINCAL_V1,2026-03-01T22:26:00.466419+00:00
Boothbay RegionGirlsDSouth,Girls,-2.29307459367735,3.7216324330231956,-6.014707026700545,39.46482643896475,JOINT_RIDGE_20260216_03_MARGINCAL_V1,2026-03-01T22:26:00.466419+00:00
Easton SeniorGirlsSNorth,Girls,-4.085456126905319,1.633438045712519,-5.718894172617838,39.9829630240905,JOINT_RIDGE_20260216_03_MARGINCAL_V1,2026-03-01T22:26:00.466419+00:00
MarshwoodGirlsBSouth,Girls,1.8687402203316488,-0.38285018722003816,2.251590407551687,53.94381565496326,JOINT_RIDGE_20260216_03_MARGINCAL_V1,2026-03-01T22:26:00.466419+00:00
DirigoGirlsCSouth,Girls,5.721398584908924,0.8365392401816432,4.88485934472728,58.556167538916284,JOINT_RIDGE_20260216_03_MARGINCAL_V1,2026-03-01T22:26:00.466419+00:00
KennebunkGirlsASouth,Girls,-0.8640900835598112,1.1570838419016012,-2.0211739254614125,46.45977468108605,JOINT_RIDGE_20260216_03_MARGINCAL_V1,2026-03-01T22:26:00.466419+00:00
Islesboro CentralGirlsSSouth,Girls,-8.77024887046408,-0.5334462067040312,-8.236802663760049,35.57267290568067,JOINT_RIDGE_20260216_03_MARGINCAL_V1,2026-03-01T22:26:00.466419+00:00
Mount AraratGirlsANorth,Girls,6.789224486618919,-5.257668653561346,12.046893140180266,71.10096294626437,JOINT_RIDGE_20260216_03_MARGINCAL_V1,2026-03-01T22:26:00.466419+00:00
WiscassetGirlsDSouth,Girls,-7.573469419546077,2.816025587169517,-10.389495006715594,31.802084021488717,JOINT_RIDGE_20260216_03_MARGINCAL_V1,2026-03-01T22:26:00.466419+00:00
PortlandGirlsASouth,Girls,-3.364371498910755,1.6595671411449522,-5.023938640055707,41.200225497597884,JOINT_RIDGE_20260216_03_MARGINCAL_V1,2026-03-01T22:26:00.466419+00:00
LawrenceGirlsBNorth,Girls,6.427048305174242,0.5712468783756577,5.8558014267985845,60.25683945974721,JOINT_RIDGE_20260216_03_MARGINCAL_V1,2026-03-01T22:26:00.466419+00:00
MorseGirlsBSouth,Girls,-1.4048986741993195,1.044766611768757,-2.4496652859680763,45.709242555032,JOINT_RIDGE_20260216_03_MARGINCAL_V1,2026-03-01T22:26:00.466419+00:00
Cape ElizabethGirlsBSouth,Girls,-1.9813711210349298,-2.776749357517821,0.795378236482891,51.3931597550503,JOINT_RIDGE_20260216_03_MARGINCAL_V1,2026-03-01T22:26:00.466419+00:00
FalmouthGirlsASouth,Girls,-5.973516901549237,4.958674957801631,-10.93219185935087,30.85151311119177,JOINT_RIDGE_20260216_03_MARGINCAL_V1,2026-03-01T22:26:00.466419+00:00
WellsGirlsCSouth,Girls,4.175742167587751,-3.6727890267513503,7.848531194339102,63.747242877251196,JOINT_RIDGE_20260216_03_MARGINCAL_V1,2026-03-01T22:26:00.466419+00:00
Woodland Sr.GirlsDNorth,Girls,2.5616555819567544,3.4054397127227025,-0.8437841307659482,48.52205398763322,JOINT_RIDGE_20260216_03_MARGINCAL_V1,2026-03-01T22:26:00.466419+00:00
Gray-New GloucesterGirlsBSouth,Girls,6.306971113771588,-3.9799840462403315,10.28695516001192,68.01831037558672,JOINT_RIDGE_20260216_03_MARGINCAL_V1,2026-03-01T22:26:00.466419+00:00
Oak HillGirlsCSouth,Girls,1.0017261505276267,-2.2860569180774153,3.2877830686050418,55.7587784583729,JOINT_RIDGE_20260216_03_MARGINCAL_V1,2026-03-01T22:26:00.466419+00:00
Foxcroft AcademyGirlsCNorth,Girls,2.7236344808338075,-2.253803684035139,4.977438164868946,58.71832571784979,JOINT_RIDGE_20260216_03_MARGINCAL_V1,2026-03-01T22:26:00.466419+00:00
Lincoln AcademyGirlsBSouth,Girls,-0.4636180654729978,1.2776229898987916,-1.7412410553717894,46.95009638067027,JOINT_RIDGE_20260216_03_MARGINCAL_V1,2026-03-01T22:26:00.466419+00:00
Ashland DistrictGirlsSNorth,Girls,-0.12715650492865982,-3.0215498707065835,2.8943933657779235,55.06972930302589,JOINT_RIDGE_20260216_03_MARGINCAL_V1,2026-03-01T22:26:00.466419+00:00
Skowhegan AreaGirlsANorth,Girls,-0.543330541299863,-1.4243658765078324,0.8810353352079694,51.543194062257186,JOINT_RIDGE_20260216_03_MARGINCAL_V1,2026-03-01T22:26:00.466419+00:00
BangorGirlsANorth,Girls,1.9755187754982575,-2.6687177405823257,4.644236516080583,58.1347000840117,JOINT_RIDGE_20260216_03_MARGINCAL_V1,2026-03-01T22:26:00.466419+00:00
Central Aroostook SrGirlsDNorth,Girls,7.066918372772562,-3.96198529416577,11.028903666938332,69.3178842798719,JOINT_RIDGE_20260216_03_MARGINCAL_V1,2026-03-01T22:26:00.466419+00:00
GorhamGirlsASouth,Girls,2.4053912609590298,0.062042503521013356,2.3433487574380165,54.104536723742726,JOINT_RIDGE_20260216_03_MARGINCAL_V1,2026-03-01T22:26:00.466419+00:00
Mount AbramGirlsDSouth,Girls,3.7101588254371265,-4.360290219308473,8.0704490447456,64.13594727464672,JOINT_RIDGE_20260216_03_MARGINCAL_V1,2026-03-01T22:26:00.466419+00:00
SchenckGirlsDNorth,Girls,-1.3176452839538957,1.0544696143119427,-2.3721148982658384,45.84507739961242,JOINT_RIDGE_20260216_03_MARGINCAL_V1,2026-03-01T22:26:00.466419+00:00
WestbrookGirlsASouth,Girls,1.4248386317727815,-0.6003564400913345,2.025195071864116,53.54726863375519,JOINT_RIDGE_20260216_03_MARGINCAL_V1,2026-03-01T22:26:00.466419+00:00
Penobscot ValleyGirlsDNorth,Girls,9.266012988441677,-4.411705629808448,13.677718618250125,73.95746607816325,JOINT_RIDGE_20260216_03_MARGINCAL_V1,2026-03-01T22:26:00.466419+00:00
East GrandGirlsSNorth,Girls,-8.639274392065477,6.0447623367060075,-14.684036728771485,24.279898450999653,JOINT_RIDGE_20260216_03_MARGINCAL_V1,2026-03-01T22:26:00.466419+00:00
CaribouGirlsCNorth,Girls,2.221955109975742,0.3040214527203671,1.9179336572553751,53.35939287949336,JOINT_RIDGE_20260216_03_MARGINCAL_V1,2026-03-01T22:26:00.466419+00:00
Lake RegionGirlsBSouth,Girls,-1.0419494566738954,1.0185270183615496,-2.060476475035445,46.39093355893072,JOINT_RIDGE_20260216_03_MARGINCAL_V1,2026-03-01T22:26:00.466419+00:00
MadawaskaGirlsDNorth,Girls,-5.676493326549046,1.109531145671243,-6.786024472220289,38.11381081623665,JOINT_RIDGE_20260216_03_MARGINCAL_V1,2026-03-01T22:26:00.466419+00:00
HoultonGirlsCNorth,Girls,-1.6836355125686495,3.7541457055230207,-5.43778121809167,40.47535172283203,JOINT_RIDGE_20260216_03_MARGINCAL_V1,2026-03-01T22:26:00.466419+00:00
Traip AcademyGirlsCSouth,Girls,-3.7908983899306885,-0.8676255928456161,-2.9232727970850725,44.879686384252956,JOINT_RIDGE_20260216_03_MARGINCAL_V1,2026-03-01T22:26:00.466419+00:00
Mount BlueGirlsANorth,Girls,-6.144875767981659,8.347286106833163,-14.492161874814823,24.615980471197503,JOINT_RIDGE_20260216_03_MARGINCAL_V1,2026-03-01T22:26:00.466419+00:00
KatahdinGirlsSNorth,Girls,0.985290849632838,-4.659496516904875,5.644787366537713,59.88723380168301,JOINT_RIDGE_20260216_03_MARGINCAL_V1,2026-03-01T22:26:00.466419+00:00
SearsportGirlsDSouth,Girls,-9.59511699776315,4.799726765642388,-14.394843763405538,24.7864398451583,JOINT_RIDGE_20260216_03_MARGINCAL_V1,2026-03-01T22:26:00.466419+00:00
WaynfleteGirlsCSouth,Girls,-4.218882013228388,0.5633289430390314,-4.782210956267419,41.62362818236899,JOINT_RIDGE_20260216_03_MARGINCAL_V1,2026-03-01T22:26:00.466419+00:00
South PortlandGirlsASouth,Girls,3.7114253898624368,-3.996878072517648,7.708303462380085,63.5016243479196,JOINT_RIDGE_20260216_03_MARGINCAL_V1,2026-03-01T22:26:00.466419+00:00
John Bapst MemorialGirlsBNorth,Girls,1.7593536555354448,-0.4216231711367847,2.1809768266722296,53.82013110523726,JOINT_RIDGE_20260216_03_MARGINCAL_V1,2026-03-01T22:26:00.466419+00:00
Penquis ValleyGirlsDNorth,Girls,-5.122550612335785,1.483307933399935,-6.60585854573572,38.42938384362996,JOINT_RIDGE_20260216_03_MARGINCAL_V1,2026-03-01T22:26:00.466419+00:00
ConyGirlsBNorth,Girls,2.732670571344542,1.4806438412695595,1.2520267300749826,52.19301103874899,JOINT_RIDGE_20260216_03_MARGINCAL_V1,2026-03-01T22:26:00.466419+00:00
Dexter RegionalGirlsDNorth,Girls,0.8673721397950559,-3.412644131969963,4.280016271765019,57.496743244007135,JOINT_RIDGE_20260216_03_MARGINCAL_V1,2026-03-01T22:26:00.466419+00:00
Stearns Sr.GirlsDNorth,Girls,0.5220705061352773,4.149179590927626,-3.627109084792349,43.64686865653422,JOINT_RIDGE_20260216_03_MARGINCAL_V1,2026-03-01T22:26:00.466419+00:00
